timestamp,currentReplicas,desiredReplicas,cpuAverage,podsRunning
2026-09-30T02:12:20.9211486-05:00,2,2,1,2
2026-09-30T02:12:31.4288176-05:00,2,2,1,2
2026-09-30T02:12:41.9417425-05:00,2,4,276,4
2026-09-30T02:12:52.3524216-05:00,2,4,276,4
2026-09-30T02:13:02.8345522-05:00,4,5,495,5
2026-09-30T02:13:13.3337244-05:00,5,5,472,5
2026-09-30T02:13:23.7720232-05:00,5,5,472,5
2026-09-30T02:13:34.1470704-05:00,5,5,469,5
2026-09-30T02:13:44.5441238-05:00,5,5,482,5
2026-09-30T02:13:54.9361477-05:00,5,5,482,5
2026-09-30T02:14:05.3832310-05:00,5,5,482,5
2026-09-30T02:14:15.7823009-05:00,5,5,492,5
2026-09-30T02:14:26.2966127-05:00,5,5,489,5
2026-09-30T02:14:36.8383527-05:00,5,5,489,5
